sku,name,brand,category,subcategory,price,old_price,stock,short_description,description,ingredients,how_to_use,tags,concerns,image_urls,featured,best_seller,new
THS-1001,Gentle Hydrating Cleanser,DermaPure,Skincare,Cleansers,12500,15000,34,A creamy cleanser that lifts away dirt without stripping.,"Gentle Hydrating Cleanser by DermaPure. A creamy cleanser that lifts away dirt without stripping. Made for all skin types, it fits easily into a daily routine and works well with the rest of the range.","Aqua, Glycerin, Coco-Glucoside, Panthenol, Allantoin, Sodium Hyaluronate, Aloe Barbadensis Leaf Juice","Apply to clean skin morning and/or night. Follow with moisturiser and, in the daytime, sunscreen. Patch test before first use.",skincare|cleansers|dermapure,dry|sensitive,,0,1,0
THS-1002,Vitamin C Brightening Serum,GlowLab,Skincare,Serums,18500,22000,22,"A daily antioxidant serum for a brighter, more even-looking tone.","Vitamin C Brightening Serum by GlowLab. A daily antioxidant serum for a brighter, more even-looking tone. Made for normal, dull skin, it fits easily into a daily routine and works well with the rest of the range.","Aqua, Glycerin, Niacinamide, Sodium Hyaluronate, Panthenol, Ascorbyl Glucoside, Ferulic Acid, Phenoxyethanol","Apply to clean skin morning and/or night. Follow with moisturiser and, in the daytime, sunscreen. Patch test before first use.",skincare|serums|glowlab,darkspots|glow|pigment,,1,1,0
THS-1003,Niacinamide 10% Serum,SkinTheory,Skincare,Serums,16000,,3,Helps refine the look of pores and balance shine through the day.,"Niacinamide 10% Serum by SkinTheory. Helps refine the look of pores and balance shine through the day. Made for oily, combination skin, it fits easily into a daily routine and works well with the rest of the range.","Aqua, Glycerin, Niacinamide, Sodium Hyaluronate, Panthenol, Ascorbyl Glucoside, Ferulic Acid, Phenoxyethanol","Apply to clean skin morning and/or night. Follow with moisturiser and, in the daytime, sunscreen. Patch test before first use.",skincare|serums|skintheory,acne|pigment,,0,1,0
THS-1004,Hyaluronic Acid Serum,LumiSkin,Skincare,Serums,17500,20000,18,"Lightweight, multi-weight hydration for plump, comfortable skin.","Hyaluronic Acid Serum by LumiSkin. Lightweight, multi-weight hydration for plump, comfortable skin. Made for dry, dehydrated skin, it fits easily into a daily routine and works well with the rest of the range.","Aqua, Glycerin, Niacinamide, Sodium Hyaluronate, Panthenol, Ascorbyl Glucoside, Ferulic Acid, Phenoxyethanol","Apply to clean skin morning and/or night. Follow with moisturiser and, in the daytime, sunscreen. Patch test before first use.",skincare|serums|lumiskin,dry|glow,,0,0,1
THS-1005,Daily Moisture Cream,CeraGlow,Skincare,Moisturisers,14500,,27,"A cushiony, fragrance-free cream for all-day comfort.","Daily Moisture Cream by CeraGlow. A cushiony, fragrance-free cream for all-day comfort. Made for all skin types, it fits easily into a daily routine and works well with the rest of the range.","Aqua, Squalane, Ceramide NP, Glycerin, Shea Butter, Cholesterol, Tocopherol, Allantoin","Apply to clean skin morning and/or night. Follow with moisturiser and, in the daytime, sunscreen. Patch test before first use.",skincare|moisturisers|ceraglow,dry|sensitive,,1,0,0
THS-1006,SPF 50 Daily Sunscreen,DermaPure,Skincare,Sun Care,15500,18000,40,A weightless broad-spectrum sunscreen with no white cast.,"SPF 50 Daily Sunscreen by DermaPure. A weightless broad-spectrum sunscreen with no white cast. Made for all skin types, it fits easily into a daily routine and works well with the rest of the range.","Aqua, Zinc Oxide, Octocrylene, Glycerin, Vitamin E, Niacinamide, Squalane","Apply to clean skin morning and/or night. Follow with moisturiser and, in the daytime, sunscreen. Patch test before first use.",skincare|sun care|dermapure,darkspots|pigment,,1,1,0
THS-1007,Salicylic Acid Cleanser,SkinTheory,Skincare,Cleansers,11500,,4,A clarifying gel cleanser that helps keep breakouts in check.,"Salicylic Acid Cleanser by SkinTheory. A clarifying gel cleanser that helps keep breakouts in check. Made for oily, acne-prone skin, it fits easily into a daily routine and works well with the rest of the range.","Aqua, Glycerin, Coco-Glucoside, Panthenol, Allantoin, Sodium Hyaluronate, Aloe Barbadensis Leaf Juice","Apply to clean skin morning and/or night. Follow with moisturiser and, in the daytime, sunscreen. Patch test before first use.",skincare|cleansers|skintheory,acne,,0,0,1
THS-1008,Barrier Repair Cream,CeraGlow,Skincare,Moisturisers,19500,23000,0,A rich ceramide cream that comforts and supports the skin barrier.,"Barrier Repair Cream by CeraGlow. A rich ceramide cream that comforts and supports the skin barrier. Made for sensitive skin, it fits easily into a daily routine and works well with the rest of the range.","Aqua, Squalane, Ceramide NP, Glycerin, Shea Butter, Cholesterol, Tocopherol, Allantoin","Apply to clean skin morning and/or night. Follow with moisturiser and, in the daytime, sunscreen. Patch test before first use.",skincare|moisturisers|ceraglow,sensitive|dry,,0,0,1
THS-1009,Shea Body Butter,Nourish Co.,Body Care,Body Butter,9500,,45,"Whipped, unrefined shea for deep, long-lasting softness.","Shea Body Butter by Nourish Co.. Whipped, unrefined shea for deep, long-lasting softness. Made for all skin types, it fits easily into a daily routine and works well with the rest of the range.","Butyrospermum Parkii (Shea) Butter, Glycerin, Cocos Nucifera Oil, Tocopherol, Parfum",Apply generously to damp or dry skin after bathing. Massage in until absorbed. Avoid broken skin.,body care|body butter|nourish co.,dry,,0,1,0
THS-1010,Exfoliating Body Scrub,Veloura,Body Care,Scrubs,8500,10000,2,A sugar and oil scrub that buffs away dullness.,"Exfoliating Body Scrub by Veloura. A sugar and oil scrub that buffs away dullness. Made for all skin types, it fits easily into a daily routine and works well with the rest of the range.","Butyrospermum Parkii (Shea) Butter, Glycerin, Cocos Nucifera Oil, Tocopherol, Parfum",Apply generously to damp or dry skin after bathing. Massage in until absorbed. Avoid broken skin.,body care|scrubs|veloura,glow|darkspots,,0,0,1
THS-1011,Hydrating Shower Gel,Nourish Co.,Body Care,Body Wash,6500,,38,"A creamy, soap-free wash that leaves skin soft, never tight.","Hydrating Shower Gel by Nourish Co.. A creamy, soap-free wash that leaves skin soft, never tight. Made for all skin types, it fits easily into a daily routine and works well with the rest of the range.","Butyrospermum Parkii (Shea) Butter, Glycerin, Cocos Nucifera Oil, Tocopherol, Parfum",Apply generously to damp or dry skin after bathing. Massage in until absorbed. Avoid broken skin.,body care|body wash|nourish co.,dry,,0,0,0
THS-1012,Body Glow Oil,Veloura,Body Care,Body Oils,13500,16000,15,"A silky dry oil with a soft, radiant shimmer.","Body Glow Oil by Veloura. A silky dry oil with a soft, radiant shimmer. Made for all skin types, it fits easily into a daily routine and works well with the rest of the range.","Butyrospermum Parkii (Shea) Butter, Glycerin, Cocos Nucifera Oil, Tocopherol, Parfum",Apply generously to damp or dry skin after bathing. Massage in until absorbed. Avoid broken skin.,body care|body oils|veloura,glow|dry,,1,0,0
THS-1013,Nourishing Body Lotion,PureHaus,Body Care,Lotions,7500,,50,A fast-absorbing daily lotion for all-day moisture.,"Nourishing Body Lotion by PureHaus. A fast-absorbing daily lotion for all-day moisture. Made for all skin types, it fits easily into a daily routine and works well with the rest of the range.","Butyrospermum Parkii (Shea) Butter, Glycerin, Cocos Nucifera Oil, Tocopherol, Parfum",Apply generously to damp or dry skin after bathing. Massage in until absorbed. Avoid broken skin.,body care|lotions|purehaus,dry,,0,1,0
THS-1014,Strengthening Shampoo,Bloom Cosmetics,Hair Care,Shampoo,9000,,29,A gentle cleanse that supports stronger-looking hair.,"Strengthening Shampoo by Bloom Cosmetics. A gentle cleanse that supports stronger-looking hair. Made for all hair types, it fits easily into a daily routine and works well with the rest of the range.","Aqua, Glycerin, Panthenol, Hydrolyzed Keratin, Argania Spinosa Kernel Oil, Rosemary Leaf Extract","Apply to clean, damp hair or scalp. Work through lengths, then style as usual. Rinse off if directed on pack.",hair care|shampoo|bloom cosmetics,,,0,0,0
THS-1015,Hydrating Conditioner,Bloom Cosmetics,Hair Care,Conditioner,9500,11000,3,Deep slip and moisture for easier detangling.,"Hydrating Conditioner by Bloom Cosmetics. Deep slip and moisture for easier detangling. Made for dry, textured hair, it fits easily into a daily routine and works well with the rest of the range.","Aqua, Glycerin, Panthenol, Hydrolyzed Keratin, Argania Spinosa Kernel Oil, Rosemary Leaf Extract","Apply to clean, damp hair or scalp. Work through lengths, then style as usual. Rinse off if directed on pack.",hair care|conditioner|bloom cosmetics,,,0,0,1
THS-1016,Leave-In Curl Cream,Aura Beauty,Hair Care,Styling,11000,,21,"Defines curls and coils with soft, frizz-free hold.","Leave-In Curl Cream by Aura Beauty. Defines curls and coils with soft, frizz-free hold. Made for curly, coily hair, it fits easily into a daily routine and works well with the rest of the range.","Aqua, Glycerin, Panthenol, Hydrolyzed Keratin, Argania Spinosa Kernel Oil, Rosemary Leaf Extract","Apply to clean, damp hair or scalp. Work through lengths, then style as usual. Rinse off if directed on pack.",hair care|styling|aura beauty,,,1,1,0
THS-1017,Scalp Treatment Oil,PureHaus,Hair Care,Treatments,8500,10000,0,A lightweight blend to soothe and nourish the scalp.,"Scalp Treatment Oil by PureHaus. A lightweight blend to soothe and nourish the scalp. Made for all hair types, it fits easily into a daily routine and works well with the rest of the range.","Aqua, Glycerin, Panthenol, Hydrolyzed Keratin, Argania Spinosa Kernel Oil, Rosemary Leaf Extract","Apply to clean, damp hair or scalp. Work through lengths, then style as usual. Rinse off if directed on pack.",hair care|treatments|purehaus,,,0,0,0
THS-1018,Hair Growth Serum,Radiant Skin,Hair Care,Treatments,14000,,17,A daily scalp serum to support fuller-looking hair.,"Hair Growth Serum by Radiant Skin. A daily scalp serum to support fuller-looking hair. Made for thinning, fragile hair, it fits easily into a daily routine and works well with the rest of the range.","Aqua, Glycerin, Panthenol, Hydrolyzed Keratin, Argania Spinosa Kernel Oil, Rosemary Leaf Extract","Apply to clean, damp hair or scalp. Work through lengths, then style as usual. Rinse off if directed on pack.",hair care|treatments|radiant skin,,,0,0,1
THS-1019,Eau de Parfum,Veloura,Fragrance,Perfume,32000,38000,12,A warm floral-amber signature scent with lasting wear.,"Eau de Parfum by Veloura. A warm floral-amber signature scent with lasting wear. Made for all, it fits easily into a daily routine and works well with the rest of the range.","Alcohol Denat., Parfum, Aqua, Linalool, Limonene, Coumarin",Spray or apply to pulse points from about 15cm away. Avoid eyes and broken skin.,fragrance|perfume|veloura,,,1,1,0
THS-1020,Body Mist,Aura Beauty,Fragrance,Body Mists,7500,,35,"A light, fresh veil of scent for everyday.","Body Mist by Aura Beauty. A light, fresh veil of scent for everyday. Made for all, it fits easily into a daily routine and works well with the rest of the range.","Alcohol Denat., Parfum, Aqua, Linalool, Limonene, Coumarin",Spray or apply to pulse points from about 15cm away. Avoid eyes and broken skin.,fragrance|body mists|aura beauty,,,0,0,0
THS-1021,Vanilla Fragrance Oil,Radiant Skin,Fragrance,Fragrance Oils,11500,,19,"A cosy, alcohol-free oil with creamy vanilla warmth.","Vanilla Fragrance Oil by Radiant Skin. A cosy, alcohol-free oil with creamy vanilla warmth. Made for all, it fits easily into a daily routine and works well with the rest of the range.","Alcohol Denat., Parfum, Aqua, Linalool, Limonene, Coumarin",Spray or apply to pulse points from about 15cm away. Avoid eyes and broken skin.,fragrance|fragrance oils|radiant skin,,,0,0,1
THS-1022,Beauty Gummies,LumiSkin,Spa & Wellness,Supplements,18000,21000,26,A daily gummy with biotin and vitamin C.,"Beauty Gummies by LumiSkin. A daily gummy with biotin and vitamin C. Made for all, it fits easily into a daily routine and works well with the rest of the range.","Hydrolyzed Collagen, Biotin, Vitamin C, Natural Flavours",Use as directed on pack and make it a calming part of your evening. Not a substitute for medical advice; keep out of reach of children.,spa & wellness|supplements|lumiskin,glow,,1,0,1
THS-1023,Collagen Powder,GlowLab,Spa & Wellness,Supplements,24500,,14,An unflavoured collagen peptide powder that mixes easily.,"Collagen Powder by GlowLab. An unflavoured collagen peptide powder that mixes easily. Made for all, it fits easily into a daily routine and works well with the rest of the range.","Hydrolyzed Collagen, Biotin, Vitamin C, Natural Flavours",Use as directed on pack and make it a calming part of your evening. Not a substitute for medical advice; keep out of reach of children.,spa & wellness|supplements|glowlab,glow,,0,1,0
THS-1024,Aromatherapy Massage Oil,Veloura,Spa & Wellness,Massage,16500,19000,20,A warming blend of lavender and sweet almond oil for relaxing massage.,"Aromatherapy Massage Oil by Veloura. A warming blend of lavender and sweet almond oil for relaxing massage. Made for all, it fits easily into a daily routine and works well with the rest of the range.","Prunus Amygdalus Dulcis (Sweet Almond) Oil, Lavandula Angustifolia Oil, Tocopherol",Use as directed on pack and make it a calming part of your evening. Not a substitute for medical advice; keep out of reach of children.,spa & wellness|massage|veloura,,,1,0,1
THS-1025,Lavender Bath Soak,Nourish Co.,Spa & Wellness,Bath & Soak,8500,,30,Mineral salts with lavender to soften skin and unwind after a long day.,"Lavender Bath Soak by Nourish Co.. Mineral salts with lavender to soften skin and unwind after a long day. Made for all, it fits easily into a daily routine and works well with the rest of the range.","Magnesium Sulfate, Sodium Chloride, Lavandula Angustifolia Oil, Tocopherol",Use as directed on pack and make it a calming part of your evening. Not a substitute for medical advice; keep out of reach of children.,spa & wellness|bath & soak|nourish co.,,,0,0,1
THS-1026,Soy Wax Candle,PureHaus,Spa & Wellness,Candles,9500,,3,A slow-burning candle with calming vanilla and sandalwood notes.,"Soy Wax Candle by PureHaus. A slow-burning candle with calming vanilla and sandalwood notes. Made for all, it fits easily into a daily routine and works well with the rest of the range.","Soy Wax, Cotton Wick, Fragrance (Vanilla, Sandalwood)",Use as directed on pack and make it a calming part of your evening. Not a substitute for medical advice; keep out of reach of children.,spa & wellness|candles|purehaus,,,0,0,0
THS-1027,Calming Herbal Tea,Radiant Skin,Spa & Wellness,Tea,5500,,40,"A caffeine-free blend of chamomile, lemongrass and mint.","Calming Herbal Tea by Radiant Skin. A caffeine-free blend of chamomile, lemongrass and mint. Made for all, it fits easily into a daily routine and works well with the rest of the range.","Chamomile, Lemongrass, Peppermint, Hibiscus",Use as directed on pack and make it a calming part of your evening. Not a substitute for medical advice; keep out of reach of children.,spa & wellness|tea|radiant skin,,,0,0,0
THS-1028,Silk Sleep Eye Mask,Aura Beauty,Spa & Wellness,Accessories,7000,,0,"A soft, light-blocking mask for deeper rest.","Silk Sleep Eye Mask by Aura Beauty. A soft, light-blocking mask for deeper rest. Made for all, it fits easily into a daily routine and works well with the rest of the range.","Hydrolyzed Collagen, Biotin, Vitamin C, Natural Flavours",Use as directed on pack and make it a calming part of your evening. Not a substitute for medical advice; keep out of reach of children.,spa & wellness|accessories|aura beauty,,,0,0,0